CAR_LIEU,C,254;CAR_ANNEE,N,4,0;SON_ANNEE,N,4,0;SON_NIVEAU,C,50;POINT_X,N,19,8;POINT_Y,N,19,8
Passage Piéton / Pont De Lavérune;1999;0;Aucun;767686,3955;6279032,6454
Justice / Mende / Dunant;1999;2008;Tout;770212,1862;6281259,1982
Maurin / Bonnié;2008;0;Aucun;770668,7974;6278543,3238
Justice / Major Flandre;1999;0;Aucun;770474,0937;6281274,1044
Justice / Cétoines;1999;0;Aucun;770660,6716;6281234,2079
Justice / Montasinos;2006;2007;Partiel;771234,551;6281173,9167
Mende / Lycée Agricole;1997;0;Aucun;769610,9136;6283352,0901
Passage Piéton / Ecole Painlevé;2008;0;Aucun;772555,807;6279540,4597
Liberté / Les Grezes;2012;2008;Partiel;766914,1184;6279490,7905
Sainte Barbe / CEMH;0;0;Aucun;766539,4787;6281624,1155
Grabels / Valsière ( R D 127 );2004;0;Aucun;766830,9042;6282701,1469
Europe / Cos;2003;0;Aucun;766098,8378;6280617,2643
Passage Piéton / Soulas / Les deux Ruisseaux;2012;0;Aucun;768821,7125;6280978,0158
Soulas / Eucalyptus;2011;2009;Tout;768993,5917;6280776,2617
Marès / Voie Domitienne / Soulas;2000;2010;Partiel;769257,0585;6280556,5159
Bouisse / Mr Teste;2011;0;Aucun;767128,4925;6279380,2267
Monsieur Teste / Eiffel;2008;0;Aucun;767420,1372;6279151,727
Einstein / Becquerel;1992;0;Aucun;773881,9744;6279479,6449
Rimbaud / Allées Rubens;2000;2009;Partiel;768320,8064;6280321,4923
Rimbaud / Carrieu / St Clément;1999;2008;Partiel;768091,2472;6280215,3987
Boulevard Des Sports / Saint Maur / Novingens;2007;2005;Tout;772151,2125;6280361,4706
Pont Du Garigliano;2002;2005;Tout;772448,274;6280325,7923
Pompignane / Vieille Poste;1998;2007;Partiel;772585,3675;6279398,8289
Passage Piéton / Assas / Bartholdi;2008;0;Aucun;769373,6295;6280303,714
Passage Piéton / Mas d'Argeliers ( Casino );2007;0;Aucun;771844,7401;6276818,1709
Pavelet / Castelle;2006;0;Aucun;770220,9768;6276019,3158
Pavelet / Cholet / Méhul;2006;0;Aucun;769751,0142;6276290,7853
Barcelone / Leyde;1999;0;Aucun;765995,701;6280860,7864
Barcelone / Saragosse;1999;0;Aucun;766000,0508;6280963,6987
Barcelone / Cambridge;1999;0;Aucun;766004,85;6281100,9512
Lavérune / Chasseurs;0;0;Aucun;769075,7335;6278576,8138
Lavérune / Lavandin;2000;0;Aucun;768668,8359;6278362,7494
Lavérune / Robespierre;0;2009;Tout;768283,6367;6278337,3633
Lavérune / Danton;2000;2009;Aucun;768093,0974;6278198,3158
Marie De Montpellier / Antonelli / Chélia;1999;0;Aucun;772382,1519;6278327,2986
Place Ernest Granier;1999;0;Aucun;772729,0632;6278506,7737
Dubout / Perruque;2010;0;Aucun;770900,0218;6277938,9858
Léonard De Vinci / Albert Einstein;2005;2006;Partiel;773208,9584;6279228,3319
Boulevard Des Sports / Liron;1996;0;Aucun;771930,8283;6280417,0699
Saint Vincent De Paul / Piéton CESDA;2001;0;Aucun;770607,3686;6280698,8628
Passage Piéton / Ecole Des Pins;0;0;Aucun;768327,5583;6280126,8322
Industrie / Fabre De Morlhon;1999;0;Aucun;771475,6511;6277069,0557
Palavas / Pont Trinquat;2012;2012;Partiel;771450,8026;6278390,6075
Industrie / Marché Gare;2000;0;Aucun;771265,4645;6276641,5114
Pic Saint Loup / Parguel / Plan des Quatre Seigneurs;2001;0;Aucun;769207,584;6282783,9324
Nîmes / Yehudi Menuhin;2007;0;Aucun;771474,9943;6280143,8851
Mende / Arthur Young;2006;0;Aucun;769557,6387;6283269,9728
Passage Piéton / Pompignane / Hôtel De Région;2003;2005;Tout;772569,9119;6279122,2979
Route De Mauguio / Avenue de Grammont;2003;0;Aucun;775102,8047;6279655,4976
Pompignane / Salaison;2005;0;Aucun;772477,3306;6280762,1162
Val De Montferrand / Jussieu;2001;2009;Partiel;770501,8704;6282335,2966
Agathois / Sainte Barbe;1999;0;Aucun;766441,8723;6281624,3157
Europe / Biterrois / Albigeois;1999;0;Aucun;766398,1816;6281857,9368
Pont Badie / Centre Commercial / Station St Paul;1999;0;Aucun;766366,7129;6281623,6648
Dezeuze / Colline;2012;2011;Tout;767960,3732;6279212,4475
Pont De Lavérune / Mr Teste;2012;0;Aucun;767599,4834;6278953,7633
Moulins / Closerie Du Château;1999;0;Aucun;768030,5435;6281822,5228
Passage Piéton / Ganges / La Lironde;1999;0;Aucun;768374,5795;6282782,3631
Blayac / Picard;2000;0;Aucun;766475,1656;6281152,5138
Mondial / Samuel Morse;1997;0;Aucun;773748,6037;6279041,2844
Louis Blanc / Vernières / Bonne Nouvelle;1999;0;Aucun;771108,0265;6279846,105
Passage Piéton / Fabre de Morlhon;0;0;Aucun;771247,0729;6277201,4658
Lodeve / Favre de Saint Castor;0;0;Tout;766839,1955;6279867,0682
Roqueturière / Valérie Larbaud;2005;0;Aucun;771450,8585;6281733,0459
Passage Piéton / Mas d'Argeliers ( Quick );2009;0;Aucun;771905,8258;6276957,2776
Toulouse / Chemin de Poutingon;2010;0;Aucun;769016,5361;6276926,5062
Saint Lazare / Reine d'Italie;2010;2011;Tout;771784,1218;6281039,2762
Passage Piéton Palavas / Fabrèges;2010;2010;Tout;771572,7699;6278020,3459
Vauguières / Alternat / Pont de l'autoroute A9;2009;0;Aucun;774218,7767;6278356,8126
Moularès / Centrayrargues;1994;2011;Tout;771940,3295;6277712,6478
Palavas / Centrayrargues;2008;2005;Partiel;771748,096;6277752,0028
Agriculture / Las Sorbès;2008;0;Aucun;769138,7807;6279989,5822
Assas / Roumieux;2008;0;Aucun;769675,2561;6280006,045
Figairasse ( Passage Alterné );2005;0;Aucun;768947,7687;6278862,7039
Passage Piéton / Ecole Du Lez / Alphonse Juin;0;0;Aucun;772526,8067;6280346,9316
Vieille Poste / Pinville;2010;2006;Tout;773073,1967;6279797,5746
Vieille Poste / Nobel;2008;2006;Partiel;773509,5751;6280104,9463
Ravaz / Casseyrols / Cévennes;2011;2010;Partiel;768343,2084;6280690,0486
Rimbaud / Ravaz / Marès;2006;0;Aucun;768680,1898;6280481,732
Agriculture / Las Cazes / Ravaz;2011;0;Aucun;768912,4087;6280233,3245
Passage Piéton / Liberté / Craponne;2005;0;Aucun;769855,3086;6278791,4953
Lakanal / Fabre;2003;0;Aucun;770921,6145;6280136,8441
Bertin Sans / Jalade / Diacon;1999;0;Aucun;769767,187;6281401,0323
Michelet / Etats Du Languedoc;2000;2011;Tout;771534,8063;6279079,2867
Figuerolles / Claret;0;0;Aucun;769647,3167;6278914,7198
Passage Piéton / Liberté / Guirlande;1998;0;Aucun;769587,2559;6279210,2342
Castelnau / Proudhon / Aubeterre;2001;0;Aucun;770933,325;6280301,5265
Saint Vincent De Paul / Marie Caizergues;2010;0;Aucun;770743,2673;6280554,8105
Soulas / Muriers;2012;0;Aucun;768611,1853;6281099,6846
Assas / Las Sorbès;2000;0;Aucun;769537,4966;6280153,8957
Jacques Cartier / Poséidon;1999;2010;Tout;772197,0424;6279046,2026
Rabelais / Palavas / Aiguerelles;2011;0;Aucun;771450,8834;6278486,8534
Rabelais / Perruque / Peysson;2012;0;Aucun;771025,8345;6278343,7291
Orient / Protestants;2000;0;Aucun;771609,5498;6278577,6318
Rabelais / Bazille / Henry René;2011;0;Aucun;771283,4694;6278452,8523
Droits De L'Homme / Moularès;1999;0;Aucun;772241,598;6278569,6867
Droits De L'Homme / Consuls De Mer;1999;2007;Partiel;772276,0478;6278732,8666
Cardonille / Truc;1999;0;Aucun;768265,6942;6282196,2771
Europe / Uppsala / Lauraguais;2013;0;Aucun;766395,3773;6281499,8159
Europe / Oxford / Blayac;2004;0;Aucun;766350,9563;6281226,6365
Pont Trinquat / Origan;1998;0;Aucun;771739,834;6278264,0137
Val De Montferrand / Chênaie;0;0;Aucun;770486,0464;6282125,2281
Rimbaud / Ravaz / Marès;2006;0;Aucun;768655,1867;6280476,1757
Vauguières / Mas de Brousse / Lycée Mendes France;2009;0;Aucun;774289,1674;6278252,9537
Soulas / Château D'O;1999;2013;Partiel;768125,5786;6281536,4978
Einstein / Vauguières;2011;2011;Tout;772925,7485;6278910,6475
Ravaz / Avant-Monts;2006;0;Aucun;768234,7406;6280759,4814
Passage Piéton / Av.Albert Einstein;2011;2011;Tout;773071,6427;6279049,001
Soulas / Saint Priest;2011;0;Aucun;768253,33;6281445,3289
Soulas / Muscadet / Aramon;2011;0;Aucun;768394,803;6281274,9279
Antigone / Léon Blum;1999;2009;Partiel;771929,2112;6279286,2476
Mermoz / Sémalen;2011;2009;Partiel;771823,6113;6279638,7594
Jacques Cartier / Léon Blum;0;2010;Tout;771913,4596;6279068,8995
Grasset / Marchand / Crova;1999;0;Aucun;770126,1123;6280669,6907
Mermoz / Montmorency;2011;2005;Partiel;771906,0967;6279434,2352
Berthelot / Ernest Michel;2010;0;Aucun;770542,8424;6278204,3944
Place Godechot;1999;0;Aucun;770159,8115;6280531,3947
Aéroport International / Poséidon;1999;2007;Partiel;772245,9769;6279291,5524
Lavandin / Foncouverte;2003;0;Aucun;769131,0666;6278212,7401
Ravaz / Edmond Lautard;2003;0;Aucun;767932,5699;6281018,0732
Lodève / Marronniers;2009;0;Aucun;767083,7212;6279879,4645
Lodève / Paul Rimbaud;2002;0;Aucun;767378,3284;6279872,8229
Rond Point Du Château D'O;1999;0;Aucun;767993,1965;6281700,5153
Mas d'Argeliers / Marché gare;2000;2008;Partiel;771694,9265;6276428,915
Montels-église / Bessède;2012;0;Aucun;770890,9339;6275932,4789
Vanières / Bugarel / Paul Valéry;2000;2010;Partiel;768876,5183;6277430,7042
Moulins / Saint Priest;1999;0;Aucun;768063,769;6281991,805
Moulins / Cardonille;1999;0;Aucun;768105,5619;6282123,5449
Ganges / Cardonille / Doyen Turchini;1999;0;Aucun;768444,9141;6282277,3844
Bologne / Tipasa;1999;0;Aucun;766003,5734;6281452,9043
Pr. Viala / Grabels / 18 Juin 1940;1999;0;Aucun;767102,1954;6282337,5243
Bologne / Bari;1999;0;Aucun;766004,8943;6281375,7787
Moularès / Palavas;1994;2005;Tout;771872,6484;6277492,3491
Dubout / Citée Mion;1999;0;Aucun;771355,3466;6277946,1155
Dubout / Leclerc;2000;2005;Partiel;771117,3793;6277936,8729
Passage Piéton / Maurin / Citée Fleurie;1999;0;Aucun;770573,855;6277341,4297
Vanières / Pas Du Loup / Topaze;2012;2012;Tout;768248,9844;6277870,1546
Passage Piéton / Lavérune / Mas Prunet;2013;2009;Tout;767752,5127;6277908,0054
Lavérune / Figairasse;2011;2009;Tout;769322,0831;6278720,4639
Croix Du Capitaine / Edouard VII;2011;0;Aucun;769751,7028;6278575,6922
Moularès / Pont Trinquat;1994;2007;Partiel;772110,1623;6278000,7141
Moularès / Améthyste;1994;2007;Partiel;772037,1025;6277843,1136
Place De La Voie Domitienne;1999;0;Aucun;770259,2342;6281578,1316
Verdanson / Ferdinand Fabre;0;0;Aucun;770864,662;6279981,0481
Val De Montferrand / Sortie Fac De Lettres;0;0;Aucun;770391,8757;6281895,2207
Verdanson / Villefranche;0;2013;Tout;770984,1272;6279973,6842
Antigone / Parkings;1999;2009;Partiel;771805,0744;6279298,9998
Einstein / Nobel;2012;2012;Partiel;773682,6572;6279420,9496
Juvénal / Léon Blum / Vaissière;2007;0;Aucun;771825,9278;6278899,7232
Juvénal / Etats Du Languedoc;2010;0;Aucun;771723,5938;6278890,8296
Becquerel / Lépine;2005;0;Aucun;773859,5576;6279909,5537
Place De Strasbourg;2011;2008;Partiel;771101,3937;6278612,1564
Assas / Doria;1991;0;Aucun;770042,869;6279690,2376
Nîmes / Reine D'Italie;2012;0;Aucun;772027,6644;6280900,9424
Gaillarde / Las Sorbès;2000;0;Aucun;769285,7885;6280050,5269
Place Robert Schuman;2000;0;Aucun;766044,4633;6280475,956
Ravaz / Sainte Geneviève;2000;0;Aucun;768106,6211;6280877,4574
Liberté / Forgues / Tédenat;2005;0;Aucun;768867,992;6279235,0828
Substantion / Menuhin;2006;0;Aucun;771369,6752;6280219,2742
Grasset / Villeneuve / Lenormand;1999;0;Aucun;770006,1462;6281010,7085
Saint Charles / Catelan;1999;2012;Partiel;770207,2586;6280235,7223
Accès Riverains Rue De Substantion;2006;0;Aucun;771262,1171;6280075,486
Substantion / Poésie / Marché Aux Bestiaux;2006;2007;Partiel;771312,8419;6280148,2324
Substantion / Bernard Délicieux;2006;2007;Partiel;771232,306;6280021,3692
Juvénal / Cartier;1999;0;Aucun;772340,3315;6278993,6152
Etats du Languedoc / Fontaine de Lattes;2006;2007;Aucun;771868,2114;6278737,4508
Toulouse / Chasseurs;2011;2005;Partiel;769800,7383;6277974,3211
Beau Séjour / Jeu De Mail Des Abbés;2006;2007;Partiel;771381,2773;6280503,5133
Toulouse / Brassens;2011;2011;Partiel;769615,8575;6277735,0383
Toulouse / Rue Bounin;0;2011;Partiel;769468,3867;6277541,7983
Angoulême / Pédro De Luna;2006;2007;Partiel;770137,4044;6277806,1902
Pedro De Luna / Chartier-Alain;2006;0;Aucun;770246,8567;6277726,3668
Accès Riverains Mail des Abbesses;2006;0;Aucun;771293,2057;6280714,7153
Maurin / Payroliers;2006;0;Aucun;770725,7364;6277972,5644
Maurin / Pédro De Luna;2006;2007;Partiel;770660,1176;6277493,9527
Angoulême / Bounin / Colucci;2006;0;Aucun;769930,3118;6276964,1096
Pavelet / Angoulême;2006;0;Aucun;769430,0144;6276592,2295
Pépinière / Salicate / Pradiers;2006;2007;Partiel;772030,8324;6279949,0033
Justice / Pioch De Boutonnet;1999;0;Aucun;770822,7068;6281177,7943
Castelnau / Montasinos;2006;0;Aucun;771274,8383;6280750,1368
Justice / Tourterelles;1999;0;Aucun;770979,3258;6281127,9958
Flahault / Adhémard;1998;2011;Partiel;769764,2091;6280701,9633
Flahault / Hospices;2012;0;Aucun;769738,0761;6280759,1414
Flahault / Voie Domitienne;2012;0;Aucun;769605,6664;6280908,6643
Renouvier / Cardaire / Nourrit;2010;2010;Tout;770065,5571;6278806,1367
Toulouse / Passage 75;2011;0;Aucun;770009,8146;6278243,7838
Toulouse / Imprimerie;2011;0;Aucun;769935,7421;6278147,1303
Jeu De Mail Des Abbés / Mousseron;2006;0;Aucun;771355,7808;6280589,3125
Déchetterie / Place Schumann;0;0;Tout;765977,1522;6280404,6027
Renouvier / Place Chaptal;2010;2010;Partiel;770080,4179;6278657,2778
Justice De Castelnau / Contre-Allée Draye;2006;0;Aucun;771978,5573;6281331,6149
Place Du 8 Mai 1945 (Coté Ave de Toulouse);1998;2007;Partiel;770115,0732;6278384,7954
Montasinos / Gros Olivier;2006;0;Aucun;771254,8227;6281004,5715
Place Du 8 Mai 1945 (Coté Clémenceau);1998;2007;Partiel;770095,7292;6278382,0962
Berthelot / Maurin;2006;2007;Partiel;770722,8421;6278246,4035
Justice / Mas De Calenda;2006;0;Aucun;771403,3148;6281200,6831
Dubout / Sept Cans;2012;0;Aucun;772015,5839;6278474,1664
Justice / Roqueturière;2006;0;Aucun;771814,5875;6281269,6841
Moularès / Comte De Melgueil;2006;2007;Partiel;772127,9647;6278718,5856
Lodève / Piéton Mosson;0;0;Tout;766092,0808;6279947,6114
Place Roger Salengro;2010;2010;Tout;770025,8582;6279088,1122
Mermoz / Professeur Vallois / Pradier;2006;2009;Tout;771757,9344;6279754,9062
Flahault / Broussonnet;0;2013;Tout;770042,7759;6280211,7166
Broussonnet / Croix Catelan;2002;0;Aucun;770142,5742;6280167,079
Passage Piéton / Portalière Des Masques;2001;0;Aucun;769964,5566;6280046,9565
Chaptal / Toiras;2010;0;Aucun;770356,1968;6278900,9667
Ecole Normale / Crova;2003;0;Aucun;769944,2052;6280606,4462
Flahault / Rech;1998;0;Aucun;769863,2874;6280495,5314
Place Bouschet De Bernard;2010;2010;Partiel;770049,5452;6278924,8145
Voie Domitienne / Citée Universitaire;2006;0;Aucun;769437,4923;6280752,6041
Place Du 11 Novembre;1999;0;Partiel;771289,1412;6279897,8533
Henry IV / Saint Jaumes;1999;2012;Partiel;770436,4619;6279606,7136
Alger / Levat / Grand Saint Jean;2010;0;Aucun;770888,5287;6278763,575
Arceaux / Saint Louis;1991;0;Aucun;769976,6363;6279567,436
Assas / Pitot;1991;2005;Tout;770108,9785;6279631,4629
Pont De Lattes / Rue Farges;2006;0;Tout;771323,8224;6278804,1073
Pépinière / Warnery;2006;2007;Tout;771794,8404;6279849,5052
Passage Piéton / Etats Du Languedoc;2011;0;Aucun;771592,733;6279022,0594
Durand / Pagézy;1998;0;Aucun;770990,9532;6278797,4145
Place Rondelet;2007;2011;Partiel;770647,4347;6278628,629
Orient / Strasbourg / Barcelone;2006;2007;Tout;771734,2311;6278677,8554
Saint Charles / Bertrand / Sainte-Lucie;1999;2010;Partiel;770526,1129;6280160,2352
Place Du 11 Novembre;1999;2007;Partiel;771314,7;6279922,0628
Place Albert 1er;1999;2012;Tout;770627,8395;6280075,9334
Verdanson / Proudhon;2006;2013;Tout;771166,5904;6279928,2052
République / Pagézy;2007;0;Tout;771016,1812;6278874,7549
Clémenceau / Carlencas;1991;2005;Partiel;770422,9846;6278637,4731
Palavas / Strasbourg / Lattes;2006;-999;Tout;771441,4775;6278653,2901
Broussonnet / Chancel;0;2012;Partiel;770211,4194;6280132,814
Place Carnot;2011;2010;Partiel;771276,5195;6278625,6407
Saint Jaumes / Bonnard;0;2012;Aucun;770236,9505;6279930,3333
Assas / Saint-Louis;1991;0;Aucun;769962,5624;6279767,6923
Broussonnet / Bonnard;0;0;Aucun;770360,6771;6280062,4476
Passage Piéton / Penelope;2009;0;Aucun;774140,9797;6278512,3099
Léonard De Vinci / Passage Piéton;2005;2006;Partiel;773238,5056;6278864,6925
Léonard De Vinci / Vauguières;2005;2011;Partiel;773242,7803;6278715,4955
Droits De L'Homme / Juvénal;1999;0;Aucun;772212,0369;6278951,0523
Grasset / Adhémard;1999;0;Aucun;770076,372;6280810,8841
Angoulême / Saint Cléophas;2012;2007;Tout;770360,8178;6278040,142
Henry IV / Armand Gautier;1999;0;Aucun;770532,092;6279864,4269
Palavas / Iris;2012;0;Aucun;771501,4532;6278184,1774
Pagézy / Maguelone;1999;2011;Tout;771066,2923;6278983,5705
Nîmes / Saint Lazare;2007;2010;Tout;771538,8399;6280235,063
Jules Ferry / Verdun;1999;2007;Tout;771245,1112;6278906,422
Moularès / Pirée;1999;0;Aucun;772298,9381;6278458,6897
Moularès / Antonelli;2010;2007;Tout;772195,5706;6278200,2019
Moularès / Sept Cans;1999;0;Aucun;772249,3351;6278313,2093
Pavelet / Trancavel;1999;0;Aucun;769352,7224;6276837,5886
Jalade / Sabatier D'Espeyran;1999;0;Aucun;769794,7967;6281103,5226
Marie De Montpellier / Fac De Droit;1999;2005;Partiel;772606,1319;6278471,1082
Grasset / Pezet / Dunant;1999;2005;Partiel;769943,9242;6281210,7448
Antonelli / Sept Cans / Entrée Mairie;0;0;Aucun;772296,8089;6278246,6835
Marie De Montpellier / Syracuse;2002;0;Aucun;772471,408;6278393,8444
Barcelone / Oxford / Heidelberg / Bologne;1999;0;Aucun;766003,021;6281231,2029
Europe / Guilhem De Poitiers / Agathois;1999;0;Aucun;766396,4967;6282053,2225
Europe / Gimel / Raimbaud D'Orange;1999;0;Aucun;766391,6488;6282389,0617
Gimel / Grabels / Puech Villa;1999;2007;Partiel;766874,1099;6282615,8767
Moulins / Navacelles;2001;0;Aucun;768190,7634;6282339,8556
Ganges / Flahault / Diacon;1999;0;Aucun;769285,4996;6281364,1377
Ganges / Palmiers / Colombière;1999;0;Aucun;769193,9129;6281479,202
Ganges / Doyen Giraud / Lapeyronie / Anglada;1999;0;Aucun;768885,1735;6281738,6471
Doyen Giraud / Entrée C.H.R. Lapeyronie;1999;0;Aucun;768764,0401;6281850,546
Ganges / Doyen Giraud / Occitanie;1999;0;Aucun;768573,5564;6282066,0996
Diacon / Fliche / Triolet;1999;0;Aucun;769510,3835;6281468,5347
Pezet / Truel;1999;2003;Partiel;770100,6187;6281409,4021
Mondial / Pénélope;1999;0;Aucun;773763,5183;6278691,4407
Mondial / Mas Rouge;1999;2005;Partiel;773378,7666;6278676,9295
Place Ernest Granier;1999;2007;Partiel;772779,4478;6278488,3293
Place Ernest Granier;1999;0;Aucun;772797,4423;6278533,3155
Place Ernest Granier;1999;0;Aucun;772749,7569;6278558,0579
Aéroport International / Acropole;1999;0;Aucun;772083,7226;6279276,2023
Droits De L'Homme / Barques;1999;0;Aucun;772266,9861;6278789,2512
Mondial / Manuguerra;1999;0;Aucun;773210,1939;6278673,632
Passage Piéton / Station TRAM rue du Mondial;0;0;Tout;772977,9801;6278605,2938
Georges Méliès / Odysséum;2009;0;Aucun;774331,0619;6278753,4608
Mondial / Vauguières;1999;0;Aucun;773613,1861;6278714,2386
Madeleine / Méhul;2006;0;Aucun;769536,8308;6276197,6805
Parking Sabines;2006;2007;Partiel;769465,709;6276472,1859
Villeneuve D'Angoulême / Paul Valéry;2006;0;Aucun;769646,3685;6276672,8731
Villeneuve D'Angoulême / Bachelard;2006;2007;Partiel;769830,5189;6276760,1858
Villeneuve D'Angoulême / Arnel / Foucaud;2006;0;Aucun;769965,9858;6277253,8993
Villeneuve D'Angoulême / Roseau / Brassens;2006;2007;Partiel;769980,2733;6277530,654
Villeneuve D'Angoulême / Janvier;2006;2007;Partiel;770084,5219;6277731,3688
Pedro De Luna / Ecole Républicaine;2006;2007;Partiel;770387,7328;6277682,6564
Pedro De Luna / Costa Dorada / Vercors;2006;2007;Partiel;770455,3337;6277629,0792
Pedro De Luna / Costa Brava;2006;2007;Tout;770558,5214;6277544,5446
Maurin / J.Cugnot;2006;2007;Tout;770733,8082;6277668,6345
Maurin / Fermaud;2006;0;Aucun;770686,4776;6278409,8125
Catalan / Accès Parking;2006;0;Aucun;770770,4601;6278626,444
Gare Saint Roch / Durand / Ferry;2006;0;Aucun;771105,2646;6278834,8303
Epidaure / Corfou;2006;0;Aucun;772239,3928;6279454,4636
Vasco de Gama / Béracasa;0;0;Aucun;772278,3661;6279728,9693
Epidaure / Semalen;2006;0;Aucun;772255,9294;6279641,392
Franchissement Tram Rue Vallois;2006;0;Aucun;771641,0365;6279835,7289
Nîmes / Sauret / Val Marie;2007;2007;Partiel;771731,2964;6280411,9365
Dubout / Orient / Comte de Melgueil;2006;2007;Partiel;771901,3689;6278697,4105
Lavérune / Mr Teste;2000;2009;Tout;767969,8384;6278067,9005
Pompignane / Courlis;2007;0;Aucun;772519,4103;6279864,0124
Dubout / Antonelli;0;0;Aucun;771866,6942;6278171,0645
Piste de la Prévention Routière;1998;0;;0;0
Grabels / Carriérasse ( Malbosc );2003;2012;Partiel;767311,5287;6282069,3483
Ganges / Pic Saint Loup / Lyre;1999;0;Aucun;768393,926;6282540,8032
Flahault / Valteline;0;0;Aucun;769501,3189;6281101,9443
Mende / Fac De Lettres;0;2003;Partiel;770095,4219;6281843,0628
Place De La Voie Domitienne;1999;0;Aucun;770252,0365;6281587,1288
Jeu De Paume / André Michel;2012;0;Aucun;770602,6639;6279095,2357
Jeu De Paume / Grand Rue;2012;0;Aucun;770740,6909;6279009,8365
Observatoire / Anatole France / République;2012;0;Tout;770844,492;6278966,8719
Gambetta / Clémenceau;2012;0;Tout;770676,074;6278868,8074
Gambetta / André Michel;2012;0;Tout;770543,4652;6278912,58
Lodève / Piéton Lycée / Gendarmerie;0;0;tout;768512,0523;6279459,4038
Gambetta / Marceau;2012;0;Tout;770433,7264;6278984,4144
Lodève / Masséna;0;0;tout;768362,5624;6279535,4716
Gambetta / Soldats;2012;0;Tout;770322,2656;6279065,3559
Gambetta / Raffinerie;2012;0;Tout;770245,7724;6279117,2737
Lodève / Tour Buffel;2012;0;Tout;769308,4161;6279424,8503
Gambetta / Daru / Figuerolles;2012;0;Tout;770148,1464;6279183,3783
Palavas / Saint Hilaire;0;0;Tout;771921,5628;6277144,7358
Lodève / Saint Louis / Pellicier;2011;0;Tout;770011,2754;6279274,331
Saint Hilaire / Garcia Lorca;0;0;Tout;772004,1792;6277345,4227
Gambetta / Zola;0;0;Tout;770075,4282;6279254,6783
Bd de Strasbourg / Riverains;2006;0;Aucun;771562,435;6278658,5612
Saint Hilaire / Métairie de Saysset;0;0;Tout;772071,3835;6277410,5985
Lodève / Volontaires / Brailles;0;0;Tout;769808,8439;6279332,6681
Saint Hilaire / Coste Peinture;0;0;Tout;772170,867;6277484,682
Lodève / Nogaret;0;0;Tout;769672,1864;6279356,0838
Lodève / Forgues;0;0;tout;768907,0496;6279384,1826
Saint Hilaire / Centrayrargues;0;0;Tout;772334,909;6277576,7571
Passage Piéton / St Hilaire;0;0;Tout;772474,0801;6277604,0754
Lodève / Benjamin Milhaud;2012;0;Tout;769150,9262;6279417,8477
Lodève / Citée Astruc;2012;0;Tout;768996,8841;6279390,2835
Tillion / Pont Trinquat / Acconiers;0;0;Tout;772419,8491;6277792,8931
Lodève / Taillade;0;0;Tout;768615,3801;6279423,6782
Tillion / Voie privée;0;0;Tout;772369,834;6277942,9412
Lodève / Las Sorbès;2012;0;Tout;768288,9676;6279610,1359
Moulins / Alco;0;0;Tout;767441,8106;6280731,3907
Lodève / Alco;2012;0;Tout;768217,0301;6279655,0636
Prés D'Arènes / Perruque / Morlhon;0;0;tout;770895,081;6277794,1609
Lodève / Bringuier;2000;0;Tout;767754,5995;6279764,3947
Prés D'Arènes / Tulipes;2012;0;tout;771024,1028;6277634,0923
Prés D'Arènes / Lesseps / Prés D'Hermès;2012;0;tout;771049,7322;6277513,6617
Tillion / Parking Mairie;0;0;Tout;772307,3923;6278091,1082
Prés D'Arènes / Pivoines;2012;0;tout;771086,3507;6277446,2087
Prés D'Arènes / Yuccas;2012;0;tout;771471,1143;6277240,6999
Bringuier / Araucarias;0;0;Tout;767798,7342;6279916,296
Prés D'Arènes / Industrie;2012;0;Tout;771549,257;6277202,9175
Moulins / Delteil;0;0;Tout;767349,2062;6280599,7602
Palavas / Leclerc;2000;0;Tout;771892,2688;6277308,4396
Pilory / Moulins / Giono;0;0;Tout;767224,1903;6280442,9943
Alco / Carrieu / Bringuier;0;0;Tout;767910,4437;6280048,6412
Près d'arènes / Catalpas;0;0;Tout;771383,6772;6277280,8058
Lodève / Zamenhof;2000;2008;Partiel;766691,5841;6279891,7179
Près d'arènes / Fabre de Morlhon / Déchèterie;0;0;Tout;770944,2349;6277746,4561
Lodève / Zac De La Fontaine;0;0;Tout;766523,6053;6279897,8847
Près d'arènes / Cyprès;0;0;Tout;771166,7845;6277388,6027
Près d'arènes / Bizet;0;0;Tout;771267,6438;6277340,6601
Lodève / Liberté;0;0;Tout;766179,031;6279952,74
Abrivado / Anoubles;0;0;Tout;771724,3156;6277127,4055
Zamenhof / Pilory / Favre de St Castor;0;0;Tout;766704,713;6280132,6043
Lodève / TRAM Spaak;0;0;Tout;766366,5748;6279927,8164
Alco / Paul Rimbaud;2009;0;Tout;767777,9871;6280231,5126
Montasinos / Laëtitia;2006;2007;Partiel;771252,9176;6280860,8847
Alco / Hôtel Du Département;1999;0;Tout;767648,8093;6280433,4845
Mosson / Franchissement;0;0;Tout;766027,6652;6280137,3737
Bretelle Spaak / Bus Mosson;0;0;Tout;766120,4939;6280174,0996
Heidelberg / place Schumann;0;0;Aucun;765984,3773;6280464,7329
Passage Piéton Raymond Dugrand 1;0;0;Tout;0;0
Place Pablo Picasso;0;0;Tout;772956,9456;6278109,596
Passage Piéton Raymond Dugrand 2;0;0;Tout;773138,1195;6277733,4239
Raymond Dugrand / Claude Lévi-Strauss;0;0;Tout;0;0
Alco / Cour des Ecoles;0;0;Tout;0;0
Accès Riverains Villeneuve D'Angoulême;2006;0;Aucun;769893,4898;6276843,7943
Angoulême / Riverains;2006;0;Aucun;769937,5573;6277090,534
